Iso3,StartDate,EndDate,Area Code,Area,Item Code,Item,Element Code,Element,Year Code,Year,Unit,Value,Flag,Note
#country+code,#date+start,#date+end,,#country+name,#indicator+code,#indicator+name,,,,#date+year,#indicator+type,#indicator+value+num,,
MOZ,2000-01-01,2002-12-31,144,Mozambique,21010,Average dietary energy supply adequacy (percent) (3-year average),6121,Value,20002002,2002,%,97,F,
MOZ,2001-01-01,2003-12-31,144,Mozambique,21010,Average dietary energy supply adequacy (percent) (3-year average),6121,Value,20012003,2003,%,99,F,
MOZ,2002-01-01,2004-12-31,144,Mozambique,21010,Average dietary energy supply adequacy (percent) (3-year average),6121,Value,20022004,2004,%,100,F,
MOZ,2003-01-01,2005-12-31,144,Mozambique,21010,Average dietary energy supply adequacy (percent) (3-year average),6121,Value,20032005,2005,%,99,F,
MOZ,2004-01-01,2006-12-31,144,Mozambique,21010,Average dietary energy supply adequacy (percent) (3-year average),6121,Value,20042006,2006,%,100,F,
MOZ,2005-01-01,2007-12-31,144,Mozambique,21010,Average dietary energy supply adequacy (percent) (3-year average),6121,Value,20052007,2007,%,100,F,
MOZ,2006-01-01,2008-12-31,144,Mozambique,21010,Average dietary energy supply adequacy (percent) (3-year average),6121,Value,20062008,2008,%,102,F,
MOZ,2007-01-01,2009-12-31,144,Mozambique,21010,Average dietary energy supply adequacy (percent) (3-year average),6121,Value,20072009,2009,%,103,F,
MOZ,2008-01-01,2010-12-31,144,Mozambique,21010,Average dietary energy supply adequacy (percent) (3-year average),6121,Value,20082010,2010,%,105,F,
MOZ,2009-01-01,2011-12-31,144,Mozambique,21010,Average dietary energy supply adequacy (percent) (3-year average),6121,Value,20092011,2011,%,106,F,
MOZ,2010-01-01,2012-12-31,144,Mozambique,21010,Average dietary energy supply adequacy (percent) (3-year average),6121,Value,20102012,2012,%,108,F,
MOZ,2011-01-01,2013-12-31,144,Mozambique,21010,Average dietary energy supply adequacy (percent) (3-year average),6121,Value,20112013,2013,%,108,F,
MOZ,2012-01-01,2014-12-31,144,Mozambique,21010,Average dietary energy supply adequacy (percent) (3-year average),6121,Value,20122014,2014,%,106,F,
MOZ,2013-01-01,2015-12-31,144,Mozambique,21010,Average dietary energy supply adequacy (percent) (3-year average),6121,Value,20132015,2015,%,102,F,
MOZ,2014-01-01,2016-12-31,144,Mozambique,21010,Average dietary energy supply adequacy (percent) (3-year average),6121,Value,20142016,2016,%,97,F,
MOZ,2015-01-01,2017-12-31,144,Mozambique,21010,Average dietary energy supply adequacy (percent) (3-year average),6121,Value,20152017,2017,%,95,F,
MOZ,2016-01-01,2018-12-31,144,Mozambique,21010,Average dietary energy supply adequacy (percent) (3-year average),6121,Value,20162018,2018,%,95,F,
MOZ,2017-01-01,2019-12-31,144,Mozambique,21010,Average dietary energy supply adequacy (percent) (3-year average),6121,Value,20172019,2019,%,95,F,
MOZ,2000-01-01,2002-12-31,144,Mozambique,21011,Average value of food production (constant 2004-2006 I$/cap) (3-year average),6122,Value,20002002,2002,I$ per person,90,F,
MOZ,2001-01-01,2003-12-31,144,Mozambique,21011,Average value of food production (constant 2004-2006 I$/cap) (3-year average),6122,Value,20012003,2003,I$ per person,91,F,
MOZ,2002-01-01,2004-12-31,144,Mozambique,21011,Average value of food production (constant 2004-2006 I$/cap) (3-year average),6122,Value,20022004,2004,I$ per person,92,F,
MOZ,2003-01-01,2005-12-31,144,Mozambique,21011,Average value of food production (constant 2004-2006 I$/cap) (3-year average),6122,Value,20032005,2005,I$ per person,94,F,
MOZ,2004-01-01,2006-12-31,144,Mozambique,21011,Average value of food production (constant 2004-2006 I$/cap) (3-year average),6122,Value,20042006,2006,I$ per person,92,F,
MOZ,2005-01-01,2007-12-31,144,Mozambique,21011,Average value of food production (constant 2004-2006 I$/cap) (3-year average),6122,Value,20052007,2007,I$ per person,90,F,
MOZ,2006-01-01,2008-12-31,144,Mozambique,21011,Average value of food production (constant 2004-2006 I$/cap) (3-year average),6122,Value,20062008,2008,I$ per person,89,F,
MOZ,2007-01-01,2009-12-31,144,Mozambique,21011,Average value of food production (constant 2004-2006 I$/cap) (3-year average),6122,Value,20072009,2009,I$ per person,90,F,
MOZ,2008-01-01,2010-12-31,144,Mozambique,21011,Average value of food production (constant 2004-2006 I$/cap) (3-year average),6122,Value,20082010,2010,I$ per person,101,F,
MOZ,2009-01-01,2011-12-31,144,Mozambique,21011,Average value of food production (constant 2004-2006 I$/cap) (3-year average),6122,Value,20092011,2011,I$ per person,113,F,
MOZ,2010-01-01,2012-12-31,144,Mozambique,21011,Average value of food production (constant 2004-2006 I$/cap) (3-year average),6122,Value,20102012,2012,I$ per person,121,F,
MOZ,2011-01-01,2013-12-31,144,Mozambique,21011,Average value of food production (constant 2004-2006 I$/cap) (3-year average),6122,Value,20112013,2013,I$ per person,111,F,
MOZ,2012-01-01,2014-12-31,144,Mozambique,21011,Average value of food production (constant 2004-2006 I$/cap) (3-year average),6122,Value,20122014,2014,I$ per person,105,F,
MOZ,2013-01-01,2015-12-31,144,Mozambique,21011,Average value of food production (constant 2004-2006 I$/cap) (3-year average),6122,Value,20132015,2015,I$ per person,98,F,
MOZ,2014-01-01,2016-12-31,144,Mozambique,21011,Average value of food production (constant 2004-2006 I$/cap) (3-year average),6122,Value,20142016,2016,I$ per person,101,F,
MOZ,2000-01-01,2002-12-31,144,Mozambique,22000,Dietary energy supply used in the estimation of prevalence of undernourishment (kcal/cap/day) (3-year average),6128,Value,20002002,2002,kcal/capita/day,2067,F,
MOZ,2001-01-01,2003-12-31,144,Mozambique,22000,Dietary energy supply used in the estimation of prevalence of undernourishment (kcal/cap/day) (3-year average),6128,Value,20012003,2003,kcal/capita/day,2100,F,
MOZ,2002-01-01,2004-12-31,144,Mozambique,22000,Dietary energy supply used in the estimation of prevalence of undernourishment (kcal/cap/day) (3-year average),6128,Value,20022004,2004,kcal/capita/day,2122,F,
MOZ,2003-01-01,2005-12-31,144,Mozambique,22000,Dietary energy supply used in the estimation of prevalence of undernourishment (kcal/cap/day) (3-year average),6128,Value,20032005,2005,kcal/capita/day,2117,F,
MOZ,2004-01-01,2006-12-31,144,Mozambique,22000,Dietary energy supply used in the estimation of prevalence of undernourishment (kcal/cap/day) (3-year average),6128,Value,20042006,2006,kcal/capita/day,2122,F,
MOZ,2005-01-01,2007-12-31,144,Mozambique,22000,Dietary energy supply used in the estimation of prevalence of undernourishment (kcal/cap/day) (3-year average),6128,Value,20052007,2007,kcal/capita/day,2128,F,
MOZ,2006-01-01,2008-12-31,144,Mozambique,22000,Dietary energy supply used in the estimation of prevalence of undernourishment (kcal/cap/day) (3-year average),6128,Value,20062008,2008,kcal/capita/day,2168,F,
MOZ,2007-01-01,2009-12-31,144,Mozambique,22000,Dietary energy supply used in the estimation of prevalence of undernourishment (kcal/cap/day) (3-year average),6128,Value,20072009,2009,kcal/capita/day,2184,F,
MOZ,2008-01-01,2010-12-31,144,Mozambique,22000,Dietary energy supply used in the estimation of prevalence of undernourishment (kcal/cap/day) (3-year average),6128,Value,20082010,2010,kcal/capita/day,2235,F,
MOZ,2009-01-01,2011-12-31,144,Mozambique,22000,Dietary energy supply used in the estimation of prevalence of undernourishment (kcal/cap/day) (3-year average),6128,Value,20092011,2011,kcal/capita/day,2263,F,
MOZ,2010-01-01,2012-12-31,144,Mozambique,22000,Dietary energy supply used in the estimation of prevalence of undernourishment (kcal/cap/day) (3-year average),6128,Value,20102012,2012,kcal/capita/day,2303,F,
MOZ,2011-01-01,2013-12-31,144,Mozambique,22000,Dietary energy supply used in the estimation of prevalence of undernourishment (kcal/cap/day) (3-year average),6128,Value,20112013,2013,kcal/capita/day,2311,F,
MOZ,2012-01-01,2014-12-31,144,Mozambique,22000,Dietary energy supply used in the estimation of prevalence of undernourishment (kcal/cap/day) (3-year average),6128,Value,20122014,2014,kcal/capita/day,2263,F,
MOZ,2013-01-01,2015-12-31,144,Mozambique,22000,Dietary energy supply used in the estimation of prevalence of undernourishment (kcal/cap/day) (3-year average),6128,Value,20132015,2015,kcal/capita/day,2176,F,
MOZ,2014-01-01,2016-12-31,144,Mozambique,22000,Dietary energy supply used in the estimation of prevalence of undernourishment (kcal/cap/day) (3-year average),6128,Value,20142016,2016,kcal/capita/day,2087,F,
MOZ,2015-01-01,2017-12-31,144,Mozambique,22000,Dietary energy supply used in the estimation of prevalence of undernourishment (kcal/cap/day) (3-year average),6128,Value,20152017,2017,kcal/capita/day,2053,F,
MOZ,2016-01-01,2018-12-31,144,Mozambique,22000,Dietary energy supply used in the estimation of prevalence of undernourishment (kcal/cap/day) (3-year average),6128,Value,20162018,2018,kcal/capita/day,2057,F,
MOZ,2017-01-01,2019-12-31,144,Mozambique,22000,Dietary energy supply used in the estimation of prevalence of undernourishment (kcal/cap/day) (3-year average),6128,Value,20172019,2019,kcal/capita/day,2066,F,
MOZ,2000-01-01,2002-12-31,144,Mozambique,21012,"Share of dietary energy supply derived from cereals, roots and tubers (kcal/cap/day) (3-year average)",6121,Value,20002002,2002,%,75,F,
MOZ,2001-01-01,2003-12-31,144,Mozambique,21012,"Share of dietary energy supply derived from cereals, roots and tubers (kcal/cap/day) (3-year average)",6121,Value,20012003,2003,%,75,F,
MOZ,2002-01-01,2004-12-31,144,Mozambique,21012,"Share of dietary energy supply derived from cereals, roots and tubers (kcal/cap/day) (3-year average)",6121,Value,20022004,2004,%,74,F,
MOZ,2003-01-01,2005-12-31,144,Mozambique,21012,"Share of dietary energy supply derived from cereals, roots and tubers (kcal/cap/day) (3-year average)",6121,Value,20032005,2005,%,74,F,
MOZ,2004-01-01,2006-12-31,144,Mozambique,21012,"Share of dietary energy supply derived from cereals, roots and tubers (kcal/cap/day) (3-year average)",6121,Value,20042006,2006,%,73,F,
MOZ,2005-01-01,2007-12-31,144,Mozambique,21012,"Share of dietary energy supply derived from cereals, roots and tubers (kcal/cap/day) (3-year average)",6121,Value,20052007,2007,%,73,F,
MOZ,2006-01-01,2008-12-31,144,Mozambique,21012,"Share of dietary energy supply derived from cereals, roots and tubers (kcal/cap/day) (3-year average)",6121,Value,20062008,2008,%,72,F,
MOZ,2007-01-01,2009-12-31,144,Mozambique,21012,"Share of dietary energy supply derived from cereals, roots and tubers (kcal/cap/day) (3-year average)",6121,Value,20072009,2009,%,72,F,
MOZ,2008-01-01,2010-12-31,144,Mozambique,21012,"Share of dietary energy supply derived from cereals, roots and tubers (kcal/cap/day) (3-year average)",6121,Value,20082010,2010,%,73,F,
MOZ,2009-01-01,2011-12-31,144,Mozambique,21012,"Share of dietary energy supply derived from cereals, roots and tubers (kcal/cap/day) (3-year average)",6121,Value,20092011,2011,%,73,F,
MOZ,2010-01-01,2012-12-31,144,Mozambique,21012,"Share of dietary energy supply derived from cereals, roots and tubers (kcal/cap/day) (3-year average)",6121,Value,20102012,2012,%,72,F,
MOZ,2011-01-01,2013-12-31,144,Mozambique,21012,"Share of dietary energy supply derived from cereals, roots and tubers (kcal/cap/day) (3-year average)",6121,Value,20112013,2013,%,72,F,
MOZ,2012-01-01,2014-12-31,144,Mozambique,21012,"Share of dietary energy supply derived from cereals, roots and tubers (kcal/cap/day) (3-year average)",6121,Value,20122014,2014,%,71,F,
MOZ,2013-01-01,2015-12-31,144,Mozambique,21012,"Share of dietary energy supply derived from cereals, roots and tubers (kcal/cap/day) (3-year average)",6121,Value,20132015,2015,%,71,F,
MOZ,2014-01-01,2016-12-31,144,Mozambique,21012,"Share of dietary energy supply derived from cereals, roots and tubers (kcal/cap/day) (3-year average)",6121,Value,20142016,2016,%,71,F,
MOZ,2015-01-01,2017-12-31,144,Mozambique,21012,"Share of dietary energy supply derived from cereals, roots and tubers (kcal/cap/day) (3-year average)",6121,Value,20152017,2017,%,72,F,
MOZ,2000-01-01,2002-12-31,144,Mozambique,21013,Average protein supply (g/cap/day) (3-year average),6123,Value,20002002,2002,g/capita/day,36.4,F,
MOZ,2001-01-01,2003-12-31,144,Mozambique,21013,Average protein supply (g/cap/day) (3-year average),6123,Value,20012003,2003,g/capita/day,37.7,F,
MOZ,2002-01-01,2004-12-31,144,Mozambique,21013,Average protein supply (g/cap/day) (3-year average),6123,Value,20022004,2004,g/capita/day,39.4,F,
MOZ,2003-01-01,2005-12-31,144,Mozambique,21013,Average protein supply (g/cap/day) (3-year average),6123,Value,20032005,2005,g/capita/day,40,F,
MOZ,2004-01-01,2006-12-31,144,Mozambique,21013,Average protein supply (g/cap/day) (3-year average),6123,Value,20042006,2006,g/capita/day,41,F,
MOZ,2005-01-01,2007-12-31,144,Mozambique,21013,Average protein supply (g/cap/day) (3-year average),6123,Value,20052007,2007,g/capita/day,42,F,
MOZ,2006-01-01,2008-12-31,144,Mozambique,21013,Average protein supply (g/cap/day) (3-year average),6123,Value,20062008,2008,g/capita/day,43,F,
MOZ,2007-01-01,2009-12-31,144,Mozambique,21013,Average protein supply (g/cap/day) (3-year average),6123,Value,20072009,2009,g/capita/day,43,F,
MOZ,2008-01-01,2010-12-31,144,Mozambique,21013,Average protein supply (g/cap/day) (3-year average),6123,Value,20082010,2010,g/capita/day,43.7,F,
MOZ,2009-01-01,2011-12-31,144,Mozambique,21013,Average protein supply (g/cap/day) (3-year average),6123,Value,20092011,2011,g/capita/day,44.7,F,
MOZ,2010-01-01,2012-12-31,144,Mozambique,21013,Average protein supply (g/cap/day) (3-year average),6123,Value,20102012,2012,g/capita/day,45.7,F,
MOZ,2011-01-01,2013-12-31,144,Mozambique,21013,Average protein supply (g/cap/day) (3-year average),6123,Value,20112013,2013,g/capita/day,45.7,F,
MOZ,2012-01-01,2014-12-31,144,Mozambique,21013,Average protein supply (g/cap/day) (3-year average),6123,Value,20122014,2014,g/capita/day,46.4,F,
MOZ,2013-01-01,2015-12-31,144,Mozambique,21013,Average protein supply (g/cap/day) (3-year average),6123,Value,20132015,2015,g/capita/day,47.4,F,
MOZ,2014-01-01,2016-12-31,144,Mozambique,21013,Average protein supply (g/cap/day) (3-year average),6123,Value,20142016,2016,g/capita/day,49,F,
MOZ,2015-01-01,2017-12-31,144,Mozambique,21013,Average protein supply (g/cap/day) (3-year average),6123,Value,20152017,2017,g/capita/day,50,F,
MOZ,2000-01-01,2002-12-31,144,Mozambique,21014,Average supply of protein of animal origin (g/cap/day) (3-year average),6123,Value,20002002,2002,g/capita/day,4.3,F,
MOZ,2001-01-01,2003-12-31,144,Mozambique,21014,Average supply of protein of animal origin (g/cap/day) (3-year average),6123,Value,20012003,2003,g/capita/day,4,F,
MOZ,2002-01-01,2004-12-31,144,Mozambique,21014,Average supply of protein of animal origin (g/cap/day) (3-year average),6123,Value,20022004,2004,g/capita/day,4.3,F,
MOZ,2003-01-01,2005-12-31,144,Mozambique,21014,Average supply of protein of animal origin (g/cap/day) (3-year average),6123,Value,20032005,2005,g/capita/day,4.7,F,
MOZ,2004-01-01,2006-12-31,144,Mozambique,21014,Average supply of protein of animal origin (g/cap/day) (3-year average),6123,Value,20042006,2006,g/capita/day,4.7,F,
MOZ,2005-01-01,2007-12-31,144,Mozambique,21014,Average supply of protein of animal origin (g/cap/day) (3-year average),6123,Value,20052007,2007,g/capita/day,4.3,F,
MOZ,2006-01-01,2008-12-31,144,Mozambique,21014,Average supply of protein of animal origin (g/cap/day) (3-year average),6123,Value,20062008,2008,g/capita/day,4.3,F,
MOZ,2007-01-01,2009-12-31,144,Mozambique,21014,Average supply of protein of animal origin (g/cap/day) (3-year average),6123,Value,20072009,2009,g/capita/day,4.7,F,
MOZ,2008-01-01,2010-12-31,144,Mozambique,21014,Average supply of protein of animal origin (g/cap/day) (3-year average),6123,Value,20082010,2010,g/capita/day,5,F,
MOZ,2009-01-01,2011-12-31,144,Mozambique,21014,Average supply of protein of animal origin (g/cap/day) (3-year average),6123,Value,20092011,2011,g/capita/day,5.3,F,
MOZ,2010-01-01,2012-12-31,144,Mozambique,21014,Average supply of protein of animal origin (g/cap/day) (3-year average),6123,Value,20102012,2012,g/capita/day,5.7,F,
MOZ,2011-01-01,2013-12-31,144,Mozambique,21014,Average supply of protein of animal origin (g/cap/day) (3-year average),6123,Value,20112013,2013,g/capita/day,6,F,
MOZ,2012-01-01,2014-12-31,144,Mozambique,21014,Average supply of protein of animal origin (g/cap/day) (3-year average),6123,Value,20122014,2014,g/capita/day,6.7,F,
MOZ,2013-01-01,2015-12-31,144,Mozambique,21014,Average supply of protein of animal origin (g/cap/day) (3-year average),6123,Value,20132015,2015,g/capita/day,7.4,F,
MOZ,2014-01-01,2016-12-31,144,Mozambique,21014,Average supply of protein of animal origin (g/cap/day) (3-year average),6123,Value,20142016,2016,g/capita/day,8.3,F,
MOZ,2015-01-01,2017-12-31,144,Mozambique,21014,Average supply of protein of animal origin (g/cap/day) (3-year average),6123,Value,20152017,2017,g/capita/day,8.3,F,
MOZ,2000-01-01,2000-12-31,144,Mozambique,21016,Rail lines density (total route in km per 100 square km of land area),6124,Value,2000,2000,per 100 square km of land area,0.4,X,
MOZ,2001-01-01,2001-12-31,144,Mozambique,21016,Rail lines density (total route in km per 100 square km of land area),6124,Value,2001,2001,per 100 square km of land area,0.4,X,
MOZ,2002-01-01,2002-12-31,144,Mozambique,21016,Rail lines density (total route in km per 100 square km of land area),6124,Value,2002,2002,per 100 square km of land area,0.4,X,
MOZ,2003-01-01,2003-12-31,144,Mozambique,21016,Rail lines density (total route in km per 100 square km of land area),6124,Value,2003,2003,per 100 square km of land area,0.4,X,
MOZ,2004-01-01,2004-12-31,144,Mozambique,21016,Rail lines density (total route in km per 100 square km of land area),6124,Value,2004,2004,per 100 square km of land area,0.4,X,
MOZ,2005-01-01,2005-12-31,144,Mozambique,21016,Rail lines density (total route in km per 100 square km of land area),6124,Value,2005,2005,per 100 square km of land area,0.4,X,
MOZ,2007-01-01,2007-12-31,144,Mozambique,21016,Rail lines density (total route in km per 100 square km of land area),6124,Value,2007,2007,per 100 square km of land area,0.4,X,
MOZ,2008-01-01,2008-12-31,144,Mozambique,21016,Rail lines density (total route in km per 100 square km of land area),6124,Value,2008,2008,per 100 square km of land area,0.4,X,
MOZ,2009-01-01,2009-12-31,144,Mozambique,21016,Rail lines density (total route in km per 100 square km of land area),6124,Value,2009,2009,per 100 square km of land area,0.4,X,
MOZ,2010-01-01,2010-12-31,144,Mozambique,21016,Rail lines density (total route in km per 100 square km of land area),6124,Value,2010,2010,per 100 square km of land area,0.4,X,
MOZ,2011-01-01,2011-12-31,144,Mozambique,21016,Rail lines density (total route in km per 100 square km of land area),6124,Value,2011,2011,per 100 square km of land area,0.4,X,
MOZ,2000-01-01,2000-12-31,144,Mozambique,22013,"Gross domestic product per capita, PPP, dissemination (constant 2011 international $)",6126,Value,2000,2000,I$,630.7,X,
MOZ,2001-01-01,2001-12-31,144,Mozambique,22013,"Gross domestic product per capita, PPP, dissemination (constant 2011 international $)",6126,Value,2001,2001,I$,687.1,X,
MOZ,2002-01-01,2002-12-31,144,Mozambique,22013,"Gross domestic product per capita, PPP, dissemination (constant 2011 international $)",6126,Value,2002,2002,I$,729.3,X,
MOZ,2003-01-01,2003-12-31,144,Mozambique,22013,"Gross domestic product per capita, PPP, dissemination (constant 2011 international $)",6126,Value,2003,2003,I$,756.9,X,
MOZ,2004-01-01,2004-12-31,144,Mozambique,22013,"Gross domestic product per capita, PPP, dissemination (constant 2011 international $)",6126,Value,2004,2004,I$,793.2,X,
MOZ,2005-01-01,2005-12-31,144,Mozambique,22013,"Gross domestic product per capita, PPP, dissemination (constant 2011 international $)",6126,Value,2005,2005,I$,821.7,X,
MOZ,2006-01-01,2006-12-31,144,Mozambique,22013,"Gross domestic product per capita, PPP, dissemination (constant 2011 international $)",6126,Value,2006,2006,I$,876.4,X,
MOZ,2007-01-01,2007-12-31,144,Mozambique,22013,"Gross domestic product per capita, PPP, dissemination (constant 2011 international $)",6126,Value,2007,2007,I$,918.3,X,
MOZ,2008-01-01,2008-12-31,144,Mozambique,22013,"Gross domestic product per capita, PPP, dissemination (constant 2011 international $)",6126,Value,2008,2008,I$,958.6,X,
MOZ,2009-01-01,2009-12-31,144,Mozambique,22013,"Gross domestic product per capita, PPP, dissemination (constant 2011 international $)",6126,Value,2009,2009,I$,991.6,X,
MOZ,2010-01-01,2010-12-31,144,Mozambique,22013,"Gross domestic product per capita, PPP, dissemination (constant 2011 international $)",6126,Value,2010,2010,I$,1027.3,X,
MOZ,2011-01-01,2011-12-31,144,Mozambique,22013,"Gross domestic product per capita, PPP, dissemination (constant 2011 international $)",6126,Value,2011,2011,I$,1073.5,X,
MOZ,2012-01-01,2012-12-31,144,Mozambique,22013,"Gross domestic product per capita, PPP, dissemination (constant 2011 international $)",6126,Value,2012,2012,I$,1120.1,X,
MOZ,2013-01-01,2013-12-31,144,Mozambique,22013,"Gross domestic product per capita, PPP, dissemination (constant 2011 international $)",6126,Value,2013,2013,I$,1165.4,X,
MOZ,2014-01-01,2014-12-31,144,Mozambique,22013,"Gross domestic product per capita, PPP, dissemination (constant 2011 international $)",6126,Value,2014,2014,I$,1217.1,X,
MOZ,2015-01-01,2015-12-31,144,Mozambique,22013,"Gross domestic product per capita, PPP, dissemination (constant 2011 international $)",6126,Value,2015,2015,I$,1262.6,X,
MOZ,2016-01-01,2016-12-31,144,Mozambique,22013,"Gross domestic product per capita, PPP, dissemination (constant 2011 international $)",6126,Value,2016,2016,I$,1273.8,X,
MOZ,2017-01-01,2017-12-31,144,Mozambique,22013,"Gross domestic product per capita, PPP, dissemination (constant 2011 international $)",6126,Value,2017,2017,I$,1283.7,X,
MOZ,2018-01-01,2018-12-31,144,Mozambique,22013,"Gross domestic product per capita, PPP, dissemination (constant 2011 international $)",6126,Value,2018,2018,I$,1289.5,X,
MOZ,2019-01-01,2019-12-31,144,Mozambique,22013,"Gross domestic product per capita, PPP, dissemination (constant 2011 international $)",6126,Value,2019,2019,I$,1280.5,X,
MOZ,2000-01-01,2002-12-31,144,Mozambique,210041,Prevalence of undernourishment (percent) (3-year average),6121,Value,20002002,2002,%,36.6,F,
MOZ,2001-01-01,2003-12-31,144,Mozambique,210041,Prevalence of undernourishment (percent) (3-year average),6121,Value,20012003,2003,%,35.3,F,
MOZ,2002-01-01,2004-12-31,144,Mozambique,210041,Prevalence of undernourishment (percent) (3-year average),6121,Value,20022004,2004,%,34.2,F,
MOZ,2003-01-01,2005-12-31,144,Mozambique,210041,Prevalence of undernourishment (percent) (3-year average),6121,Value,20032005,2005,%,34.2,F,
MOZ,2004-01-01,2006-12-31,144,Mozambique,210041,Prevalence of undernourishment (percent) (3-year average),6121,Value,20042006,2006,%,33.4,F,
MOZ,2005-01-01,2007-12-31,144,Mozambique,210041,Prevalence of undernourishment (percent) (3-year average),6121,Value,20052007,2007,%,32.5,F,
MOZ,2006-01-01,2008-12-31,144,Mozambique,210041,Prevalence of undernourishment (percent) (3-year average),6121,Value,20062008,2008,%,30,F,
MOZ,2007-01-01,2009-12-31,144,Mozambique,210041,Prevalence of undernourishment (percent) (3-year average),6121,Value,20072009,2009,%,28.8,F,
MOZ,2008-01-01,2010-12-31,144,Mozambique,210041,Prevalence of undernourishment (percent) (3-year average),6121,Value,20082010,2010,%,25.9,F,
MOZ,2009-01-01,2011-12-31,144,Mozambique,210041,Prevalence of undernourishment (percent) (3-year average),6121,Value,20092011,2011,%,24.2,F,
MOZ,2010-01-01,2012-12-31,144,Mozambique,210041,Prevalence of undernourishment (percent) (3-year average),6121,Value,20102012,2012,%,22,F,
MOZ,2011-01-01,2013-12-31,144,Mozambique,210041,Prevalence of undernourishment (percent) (3-year average),6121,Value,20112013,2013,%,21.1,F,
MOZ,2012-01-01,2014-12-31,144,Mozambique,210041,Prevalence of undernourishment (percent) (3-year average),6121,Value,20122014,2014,%,22.9,F,
MOZ,2013-01-01,2015-12-31,144,Mozambique,210041,Prevalence of undernourishment (percent) (3-year average),6121,Value,20132015,2015,%,26.7,F,
MOZ,2014-01-01,2016-12-31,144,Mozambique,210041,Prevalence of undernourishment (percent) (3-year average),6121,Value,20142016,2016,%,31,F,
MOZ,2015-01-01,2017-12-31,144,Mozambique,210041,Prevalence of undernourishment (percent) (3-year average),6121,Value,20152017,2017,%,32.9,F,
MOZ,2016-01-01,2018-12-31,144,Mozambique,210041,Prevalence of undernourishment (percent) (3-year average),6121,Value,20162018,2018,%,32.9,F,
MOZ,2017-01-01,2019-12-31,144,Mozambique,210041,Prevalence of undernourishment (percent) (3-year average),6121,Value,20172019,2019,%,32.6,F,
MOZ,2000-01-01,2002-12-31,144,Mozambique,210011,Number of people undernourished (million) (3-year average),6132,Value,20002002,2002,millions,6.7,F,
MOZ,2001-01-01,2003-12-31,144,Mozambique,210011,Number of people undernourished (million) (3-year average),6132,Value,20012003,2003,millions,6.6,F,
MOZ,2002-01-01,2004-12-31,144,Mozambique,210011,Number of people undernourished (million) (3-year average),6132,Value,20022004,2004,millions,6.6,F,
MOZ,2003-01-01,2005-12-31,144,Mozambique,210011,Number of people undernourished (million) (3-year average),6132,Value,20032005,2005,millions,6.8,F,
MOZ,2004-01-01,2006-12-31,144,Mozambique,210011,Number of people undernourished (million) (3-year average),6132,Value,20042006,2006,millions,6.8,F,
MOZ,2005-01-01,2007-12-31,144,Mozambique,210011,Number of people undernourished (million) (3-year average),6132,Value,20052007,2007,millions,6.9,F,
MOZ,2006-01-01,2008-12-31,144,Mozambique,210011,Number of people undernourished (million) (3-year average),6132,Value,20062008,2008,millions,6.5,F,
MOZ,2007-01-01,2009-12-31,144,Mozambique,210011,Number of people undernourished (million) (3-year average),6132,Value,20072009,2009,millions,6.4,F,
MOZ,2008-01-01,2010-12-31,144,Mozambique,210011,Number of people undernourished (million) (3-year average),6132,Value,20082010,2010,millions,5.9,F,
MOZ,2009-01-01,2011-12-31,144,Mozambique,210011,Number of people undernourished (million) (3-year average),6132,Value,20092011,2011,millions,5.7,F,
MOZ,2010-01-01,2012-12-31,144,Mozambique,210011,Number of people undernourished (million) (3-year average),6132,Value,20102012,2012,millions,5.3,F,
MOZ,2011-01-01,2013-12-31,144,Mozambique,210011,Number of people undernourished (million) (3-year average),6132,Value,20112013,2013,millions,5.3,F,
MOZ,2012-01-01,2014-12-31,144,Mozambique,210011,Number of people undernourished (million) (3-year average),6132,Value,20122014,2014,millions,5.9,F,
MOZ,2013-01-01,2015-12-31,144,Mozambique,210011,Number of people undernourished (million) (3-year average),6132,Value,20132015,2015,millions,7,F,
MOZ,2014-01-01,2016-12-31,144,Mozambique,210011,Number of people undernourished (million) (3-year average),6132,Value,20142016,2016,millions,8.4,F,
MOZ,2015-01-01,2017-12-31,144,Mozambique,210011,Number of people undernourished (million) (3-year average),6132,Value,20152017,2017,millions,9.2,F,
MOZ,2016-01-01,2018-12-31,144,Mozambique,210011,Number of people undernourished (million) (3-year average),6132,Value,20162018,2018,millions,9.4,F,
MOZ,2017-01-01,2019-12-31,144,Mozambique,210011,Number of people undernourished (million) (3-year average),6132,Value,20172019,2019,millions,9.6,F,
MOZ,2014-01-01,2016-12-31,144,Mozambique,210401,Prevalence of severe food insecurity in the total population (percent) (3-year average),6121,Value,20142016,2016,%,40.7,F,
MOZ,2015-01-01,2017-12-31,144,Mozambique,210401,Prevalence of severe food insecurity in the total population (percent) (3-year average),6121,Value,20152017,2017,%,40.7,F,
MOZ,2016-01-01,2018-12-31,144,Mozambique,210401,Prevalence of severe food insecurity in the total population (percent) (3-year average),6121,Value,20162018,2018,%,40.7,F,
MOZ,2017-01-01,2019-12-31,144,Mozambique,210401,Prevalence of severe food insecurity in the total population (percent) (3-year average),6121,Value,20172019,2019,%,40.7,F,
MOZ,2014-01-01,2016-12-31,144,Mozambique,210091,Prevalence of moderate or severe food insecurity in the total population (percent) (3-year average),6121,Value,20142016,2016,%,68.4,F,
MOZ,2015-01-01,2017-12-31,144,Mozambique,210091,Prevalence of moderate or severe food insecurity in the total population (percent) (3-year average),6121,Value,20152017,2017,%,68.4,F,
MOZ,2016-01-01,2018-12-31,144,Mozambique,210091,Prevalence of moderate or severe food insecurity in the total population (percent) (3-year average),6121,Value,20162018,2018,%,68.4,F,
MOZ,2017-01-01,2019-12-31,144,Mozambique,210091,Prevalence of moderate or severe food insecurity in the total population (percent) (3-year average),6121,Value,20172019,2019,%,68.4,F,
MOZ,2014-01-01,2016-12-31,144,Mozambique,210071,Number of severely food insecure people (million) (3-year average),6132,Value,20142016,2016,millions,11,F,
MOZ,2015-01-01,2017-12-31,144,Mozambique,210071,Number of severely food insecure people (million) (3-year average),6132,Value,20152017,2017,millions,11.3,F,
MOZ,2016-01-01,2018-12-31,144,Mozambique,210071,Number of severely food insecure people (million) (3-year average),6132,Value,20162018,2018,millions,11.7,F,
MOZ,2017-01-01,2019-12-31,144,Mozambique,210071,Number of severely food insecure people (million) (3-year average),6132,Value,20172019,2019,millions,12,F,
MOZ,2014-01-01,2016-12-31,144,Mozambique,210081,Number of moderately or severely food insecure people (million) (3-year average),6132,Value,20142016,2016,millions,18.5,F,
MOZ,2015-01-01,2017-12-31,144,Mozambique,210081,Number of moderately or severely food insecure people (million) (3-year average),6132,Value,20152017,2017,millions,19,F,
MOZ,2016-01-01,2018-12-31,144,Mozambique,210081,Number of moderately or severely food insecure people (million) (3-year average),6132,Value,20162018,2018,millions,19.6,F,
MOZ,2017-01-01,2019-12-31,144,Mozambique,210081,Number of moderately or severely food insecure people (million) (3-year average),6132,Value,20172019,2019,millions,20.2,F,
MOZ,2000-01-01,2002-12-31,144,Mozambique,21035,Cereal import dependency ratio (percent) (3-year average),6121,Value,20002002,2002,%,28.1,F,
MOZ,2001-01-01,2003-12-31,144,Mozambique,21035,Cereal import dependency ratio (percent) (3-year average),6121,Value,20012003,2003,%,32.5,F,
MOZ,2002-01-01,2004-12-31,144,Mozambique,21035,Cereal import dependency ratio (percent) (3-year average),6121,Value,20022004,2004,%,35.7,F,
MOZ,2003-01-01,2005-12-31,144,Mozambique,21035,Cereal import dependency ratio (percent) (3-year average),6121,Value,20032005,2005,%,38.6,F,
MOZ,2004-01-01,2006-12-31,144,Mozambique,21035,Cereal import dependency ratio (percent) (3-year average),6121,Value,20042006,2006,%,42.2,F,
MOZ,2005-01-01,2007-12-31,144,Mozambique,21035,Cereal import dependency ratio (percent) (3-year average),6121,Value,20052007,2007,%,39.8,F,
MOZ,2006-01-01,2008-12-31,144,Mozambique,21035,Cereal import dependency ratio (percent) (3-year average),6121,Value,20062008,2008,%,33.9,F,
MOZ,2007-01-01,2009-12-31,144,Mozambique,21035,Cereal import dependency ratio (percent) (3-year average),6121,Value,20072009,2009,%,30.2,F,
MOZ,2008-01-01,2010-12-31,144,Mozambique,21035,Cereal import dependency ratio (percent) (3-year average),6121,Value,20082010,2010,%,29,F,
MOZ,2009-01-01,2011-12-31,144,Mozambique,21035,Cereal import dependency ratio (percent) (3-year average),6121,Value,20092011,2011,%,29.1,F,
MOZ,2010-01-01,2012-12-31,144,Mozambique,21035,Cereal import dependency ratio (percent) (3-year average),6121,Value,20102012,2012,%,29.8,F,
MOZ,2011-01-01,2013-12-31,144,Mozambique,21035,Cereal import dependency ratio (percent) (3-year average),6121,Value,20112013,2013,%,30,F,
MOZ,2012-01-01,2014-12-31,144,Mozambique,21035,Cereal import dependency ratio (percent) (3-year average),6121,Value,20122014,2014,%,37.6,F,
MOZ,2013-01-01,2015-12-31,144,Mozambique,21035,Cereal import dependency ratio (percent) (3-year average),6121,Value,20132015,2015,%,45.9,F,
MOZ,2014-01-01,2016-12-31,144,Mozambique,21035,Cereal import dependency ratio (percent) (3-year average),6121,Value,20142016,2016,%,55.5,F,
MOZ,2015-01-01,2017-12-31,144,Mozambique,21035,Cereal import dependency ratio (percent) (3-year average),6121,Value,20152017,2017,%,57.6,F,
MOZ,2000-01-01,2002-12-31,144,Mozambique,21034,Percent of arable land equipped for irrigation (percent) (3-year average),6121,Value,20002002,2002,%,2.8,F,
MOZ,2001-01-01,2003-12-31,144,Mozambique,21034,Percent of arable land equipped for irrigation (percent) (3-year average),6121,Value,20012003,2003,%,2.7,F,
MOZ,2002-01-01,2004-12-31,144,Mozambique,21034,Percent of arable land equipped for irrigation (percent) (3-year average),6121,Value,20022004,2004,%,2.6,F,
MOZ,2003-01-01,2005-12-31,144,Mozambique,21034,Percent of arable land equipped for irrigation (percent) (3-year average),6121,Value,20032005,2005,%,2.5,F,
MOZ,2004-01-01,2006-12-31,144,Mozambique,21034,Percent of arable land equipped for irrigation (percent) (3-year average),6121,Value,20042006,2006,%,2.4,F,
MOZ,2005-01-01,2007-12-31,144,Mozambique,21034,Percent of arable land equipped for irrigation (percent) (3-year average),6121,Value,20052007,2007,%,2.3,F,
MOZ,2006-01-01,2008-12-31,144,Mozambique,21034,Percent of arable land equipped for irrigation (percent) (3-year average),6121,Value,20062008,2008,%,2.3,F,
MOZ,2007-01-01,2009-12-31,144,Mozambique,21034,Percent of arable land equipped for irrigation (percent) (3-year average),6121,Value,20072009,2009,%,2.2,F,
MOZ,2008-01-01,2010-12-31,144,Mozambique,21034,Percent of arable land equipped for irrigation (percent) (3-year average),6121,Value,20082010,2010,%,2.1,F,
MOZ,2009-01-01,2011-12-31,144,Mozambique,21034,Percent of arable land equipped for irrigation (percent) (3-year average),6121,Value,20092011,2011,%,2.1,F,
MOZ,2010-01-01,2012-12-31,144,Mozambique,21034,Percent of arable land equipped for irrigation (percent) (3-year average),6121,Value,20102012,2012,%,2.1,F,
MOZ,2011-01-01,2013-12-31,144,Mozambique,21034,Percent of arable land equipped for irrigation (percent) (3-year average),6121,Value,20112013,2013,%,2.1,F,
MOZ,2012-01-01,2014-12-31,144,Mozambique,21034,Percent of arable land equipped for irrigation (percent) (3-year average),6121,Value,20122014,2014,%,2.1,F,
MOZ,2013-01-01,2015-12-31,144,Mozambique,21034,Percent of arable land equipped for irrigation (percent) (3-year average),6121,Value,20132015,2015,%,2.1,F,
MOZ,2014-01-01,2016-12-31,144,Mozambique,21034,Percent of arable land equipped for irrigation (percent) (3-year average),6121,Value,20142016,2016,%,2.1,F,
MOZ,2015-01-01,2017-12-31,144,Mozambique,21034,Percent of arable land equipped for irrigation (percent) (3-year average),6121,Value,20152017,2017,%,2.1,F,
MOZ,2000-01-01,2002-12-31,144,Mozambique,21033,Value of food imports in total merchandise exports (percent) (3-year average),6121,Value,20002002,2002,%,35,F,
MOZ,2001-01-01,2003-12-31,144,Mozambique,21033,Value of food imports in total merchandise exports (percent) (3-year average),6121,Value,20012003,2003,%,28,F,
MOZ,2002-01-01,2004-12-31,144,Mozambique,21033,Value of food imports in total merchandise exports (percent) (3-year average),6121,Value,20022004,2004,%,27,F,
MOZ,2003-01-01,2005-12-31,144,Mozambique,21033,Value of food imports in total merchandise exports (percent) (3-year average),6121,Value,20032005,2005,%,24,F,
MOZ,2004-01-01,2006-12-31,144,Mozambique,21033,Value of food imports in total merchandise exports (percent) (3-year average),6121,Value,20042006,2006,%,21,F,
MOZ,2005-01-01,2007-12-31,144,Mozambique,21033,Value of food imports in total merchandise exports (percent) (3-year average),6121,Value,20052007,2007,%,18,F,
MOZ,2006-01-01,2008-12-31,144,Mozambique,21033,Value of food imports in total merchandise exports (percent) (3-year average),6121,Value,20062008,2008,%,19,F,
MOZ,2007-01-01,2009-12-31,144,Mozambique,21033,Value of food imports in total merchandise exports (percent) (3-year average),6121,Value,20072009,2009,%,23,F,
MOZ,2008-01-01,2010-12-31,144,Mozambique,21033,Value of food imports in total merchandise exports (percent) (3-year average),6121,Value,20082010,2010,%,25,F,
MOZ,2009-01-01,2011-12-31,144,Mozambique,21033,Value of food imports in total merchandise exports (percent) (3-year average),6121,Value,20092011,2011,%,24,F,
MOZ,2010-01-01,2012-12-31,144,Mozambique,21033,Value of food imports in total merchandise exports (percent) (3-year average),6121,Value,20102012,2012,%,19,F,
MOZ,2011-01-01,2013-12-31,144,Mozambique,21033,Value of food imports in total merchandise exports (percent) (3-year average),6121,Value,20112013,2013,%,22,F,
MOZ,2012-01-01,2014-12-31,144,Mozambique,21033,Value of food imports in total merchandise exports (percent) (3-year average),6121,Value,20122014,2014,%,22,F,
MOZ,2013-01-01,2015-12-31,144,Mozambique,21033,Value of food imports in total merchandise exports (percent) (3-year average),6121,Value,20132015,2015,%,24,F,
MOZ,2014-01-01,2016-12-31,144,Mozambique,21033,Value of food imports in total merchandise exports (percent) (3-year average),6121,Value,20142016,2016,%,21,F,
MOZ,2015-01-01,2017-12-31,144,Mozambique,21033,Value of food imports in total merchandise exports (percent) (3-year average),6121,Value,20152017,2017,%,24,F,
MOZ,2000-01-01,2000-12-31,144,Mozambique,21032,Political stability and absence of violence/terrorism (index),6125,Value,2000,2000,index,-0.13,X,
MOZ,2002-01-01,2002-12-31,144,Mozambique,21032,Political stability and absence of violence/terrorism (index),6125,Value,2002,2002,index,0.19,X,
MOZ,2003-01-01,2003-12-31,144,Mozambique,21032,Political stability and absence of violence/terrorism (index),6125,Value,2003,2003,index,0.25,X,
MOZ,2004-01-01,2004-12-31,144,Mozambique,21032,Political stability and absence of violence/terrorism (index),6125,Value,2004,2004,index,0,X,
MOZ,2005-01-01,2005-12-31,144,Mozambique,21032,Political stability and absence of violence/terrorism (index),6125,Value,2005,2005,index,0.12,X,
MOZ,2006-01-01,2006-12-31,144,Mozambique,21032,Political stability and absence of violence/terrorism (index),6125,Value,2006,2006,index,0.52,X,
MOZ,2007-01-01,2007-12-31,144,Mozambique,21032,Political stability and absence of violence/terrorism (index),6125,Value,2007,2007,index,0.36,X,
MOZ,2008-01-01,2008-12-31,144,Mozambique,21032,Political stability and absence of violence/terrorism (index),6125,Value,2008,2008,index,0.38,X,
MOZ,2009-01-01,2009-12-31,144,Mozambique,21032,Political stability and absence of violence/terrorism (index),6125,Value,2009,2009,index,0.63,X,
MOZ,2010-01-01,2010-12-31,144,Mozambique,21032,Political stability and absence of violence/terrorism (index),6125,Value,2010,2010,index,0.39,X,
MOZ,2011-01-01,2011-12-31,144,Mozambique,21032,Political stability and absence of violence/terrorism (index),6125,Value,2011,2011,index,0.33,X,
MOZ,2012-01-01,2012-12-31,144,Mozambique,21032,Political stability and absence of violence/terrorism (index),6125,Value,2012,2012,index,0.39,X,
MOZ,2013-01-01,2013-12-31,144,Mozambique,21032,Political stability and absence of violence/terrorism (index),6125,Value,2013,2013,index,-0.23,X,
MOZ,2014-01-01,2014-12-31,144,Mozambique,21032,Political stability and absence of violence/terrorism (index),6125,Value,2014,2014,index,-0.34,X,
MOZ,2015-01-01,2015-12-31,144,Mozambique,21032,Political stability and absence of violence/terrorism (index),6125,Value,2015,2015,index,-0.51,X,
MOZ,2016-01-01,2016-12-31,144,Mozambique,21032,Political stability and absence of violence/terrorism (index),6125,Value,2016,2016,index,-1.09,X,
MOZ,2017-01-01,2017-12-31,144,Mozambique,21032,Political stability and absence of violence/terrorism (index),6125,Value,2017,2017,index,-0.93,X,
MOZ,2018-01-01,2018-12-31,144,Mozambique,21032,Political stability and absence of violence/terrorism (index),6125,Value,2018,2018,index,-0.78,X,
MOZ,2001-01-01,2001-12-31,144,Mozambique,21030,Per capita food production variability (constant 2004-2006 thousand int$ per capita),6127,Value,2001,2001,1000 I$,5.3,F,
MOZ,2002-01-01,2002-12-31,144,Mozambique,21030,Per capita food production variability (constant 2004-2006 thousand int$ per capita),6127,Value,2002,2002,1000 I$,6.4,F,
MOZ,2003-01-01,2003-12-31,144,Mozambique,21030,Per capita food production variability (constant 2004-2006 thousand int$ per capita),6127,Value,2003,2003,1000 I$,11,F,
MOZ,2004-01-01,2004-12-31,144,Mozambique,21030,Per capita food production variability (constant 2004-2006 thousand int$ per capita),6127,Value,2004,2004,1000 I$,9.1,F,
MOZ,2005-01-01,2005-12-31,144,Mozambique,21030,Per capita food production variability (constant 2004-2006 thousand int$ per capita),6127,Value,2005,2005,1000 I$,6.4,F,
MOZ,2006-01-01,2006-12-31,144,Mozambique,21030,Per capita food production variability (constant 2004-2006 thousand int$ per capita),6127,Value,2006,2006,1000 I$,6.9,F,
MOZ,2007-01-01,2007-12-31,144,Mozambique,21030,Per capita food production variability (constant 2004-2006 thousand int$ per capita),6127,Value,2007,2007,1000 I$,6,F,
MOZ,2008-01-01,2008-12-31,144,Mozambique,21030,Per capita food production variability (constant 2004-2006 thousand int$ per capita),6127,Value,2008,2008,1000 I$,4.9,F,
MOZ,2009-01-01,2009-12-31,144,Mozambique,21030,Per capita food production variability (constant 2004-2006 thousand int$ per capita),6127,Value,2009,2009,1000 I$,5.3,F,
MOZ,2010-01-01,2010-12-31,144,Mozambique,21030,Per capita food production variability (constant 2004-2006 thousand int$ per capita),6127,Value,2010,2010,1000 I$,4.1,F,
MOZ,2011-01-01,2011-12-31,144,Mozambique,21030,Per capita food production variability (constant 2004-2006 thousand int$ per capita),6127,Value,2011,2011,1000 I$,12.7,F,
MOZ,2012-01-01,2012-12-31,144,Mozambique,21030,Per capita food production variability (constant 2004-2006 thousand int$ per capita),6127,Value,2012,2012,1000 I$,16.4,F,
MOZ,2013-01-01,2013-12-31,144,Mozambique,21030,Per capita food production variability (constant 2004-2006 thousand int$ per capita),6127,Value,2013,2013,1000 I$,16.5,F,
MOZ,2014-01-01,2014-12-31,144,Mozambique,21030,Per capita food production variability (constant 2004-2006 thousand int$ per capita),6127,Value,2014,2014,1000 I$,15.1,F,
MOZ,2015-01-01,2015-12-31,144,Mozambique,21030,Per capita food production variability (constant 2004-2006 thousand int$ per capita),6127,Value,2015,2015,1000 I$,14.1,F,
MOZ,2000-01-01,2000-12-31,144,Mozambique,21031,Per capita food supply variability (kcal/cap/day),6128,Value,2000,2000,kcal/capita/day,33,F,
MOZ,2001-01-01,2001-12-31,144,Mozambique,21031,Per capita food supply variability (kcal/cap/day),6128,Value,2001,2001,kcal/capita/day,22,F,
MOZ,2002-01-01,2002-12-31,144,Mozambique,21031,Per capita food supply variability (kcal/cap/day),6128,Value,2002,2002,kcal/capita/day,38,F,
MOZ,2003-01-01,2003-12-31,144,Mozambique,21031,Per capita food supply variability (kcal/cap/day),6128,Value,2003,2003,kcal/capita/day,34,F,
MOZ,2004-01-01,2004-12-31,144,Mozambique,21031,Per capita food supply variability (kcal/cap/day),6128,Value,2004,2004,kcal/capita/day,27,F,
MOZ,2005-01-01,2005-12-31,144,Mozambique,21031,Per capita food supply variability (kcal/cap/day),6128,Value,2005,2005,kcal/capita/day,26,F,
MOZ,2006-01-01,2006-12-31,144,Mozambique,21031,Per capita food supply variability (kcal/cap/day),6128,Value,2006,2006,kcal/capita/day,44,F,
MOZ,2007-01-01,2007-12-31,144,Mozambique,21031,Per capita food supply variability (kcal/cap/day),6128,Value,2007,2007,kcal/capita/day,44,F,
MOZ,2008-01-01,2008-12-31,144,Mozambique,21031,Per capita food supply variability (kcal/cap/day),6128,Value,2008,2008,kcal/capita/day,49,F,
MOZ,2009-01-01,2009-12-31,144,Mozambique,21031,Per capita food supply variability (kcal/cap/day),6128,Value,2009,2009,kcal/capita/day,29,F,
MOZ,2010-01-01,2010-12-31,144,Mozambique,21031,Per capita food supply variability (kcal/cap/day),6128,Value,2010,2010,kcal/capita/day,26,F,
MOZ,2011-01-01,2011-12-31,144,Mozambique,21031,Per capita food supply variability (kcal/cap/day),6128,Value,2011,2011,kcal/capita/day,33,F,
MOZ,2012-01-01,2012-12-31,144,Mozambique,21031,Per capita food supply variability (kcal/cap/day),6128,Value,2012,2012,kcal/capita/day,37,F,
MOZ,2013-01-01,2013-12-31,144,Mozambique,21031,Per capita food supply variability (kcal/cap/day),6128,Value,2013,2013,kcal/capita/day,28,F,
MOZ,2014-01-01,2014-12-31,144,Mozambique,21031,Per capita food supply variability (kcal/cap/day),6128,Value,2014,2014,kcal/capita/day,26,F,
MOZ,2015-01-01,2015-12-31,144,Mozambique,21031,Per capita food supply variability (kcal/cap/day),6128,Value,2015,2015,kcal/capita/day,16,F,
MOZ,2016-01-01,2016-12-31,144,Mozambique,21031,Per capita food supply variability (kcal/cap/day),6128,Value,2016,2016,kcal/capita/day,15,F,
MOZ,2017-01-01,2017-12-31,144,Mozambique,21031,Per capita food supply variability (kcal/cap/day),6128,Value,2017,2017,kcal/capita/day,20,F,
MOZ,2000-01-01,2000-12-31,144,Mozambique,21047,Percentage of population using at least basic drinking water services (percent),6121,Value,2000,2000,%,19.9,X,
MOZ,2001-01-01,2001-12-31,144,Mozambique,21047,Percentage of population using at least basic drinking water services (percent),6121,Value,2001,2001,%,21.4,X,
MOZ,2002-01-01,2002-12-31,144,Mozambique,21047,Percentage of population using at least basic drinking water services (percent),6121,Value,2002,2002,%,23.4,X,
MOZ,2003-01-01,2003-12-31,144,Mozambique,21047,Percentage of population using at least basic drinking water services (percent),6121,Value,2003,2003,%,25.4,X,
MOZ,2004-01-01,2004-12-31,144,Mozambique,21047,Percentage of population using at least basic drinking water services (percent),6121,Value,2004,2004,%,27.4,X,
MOZ,2005-01-01,2005-12-31,144,Mozambique,21047,Percentage of population using at least basic drinking water services (percent),6121,Value,2005,2005,%,29.4,X,
MOZ,2006-01-01,2006-12-31,144,Mozambique,21047,Percentage of population using at least basic drinking water services (percent),6121,Value,2006,2006,%,31.4,X,
MOZ,2007-01-01,2007-12-31,144,Mozambique,21047,Percentage of population using at least basic drinking water services (percent),6121,Value,2007,2007,%,33.5,X,
MOZ,2008-01-01,2008-12-31,144,Mozambique,21047,Percentage of population using at least basic drinking water services (percent),6121,Value,2008,2008,%,35.7,X,
MOZ,2009-01-01,2009-12-31,144,Mozambique,21047,Percentage of population using at least basic drinking water services (percent),6121,Value,2009,2009,%,37.9,X,
MOZ,2010-01-01,2010-12-31,144,Mozambique,21047,Percentage of population using at least basic drinking water services (percent),6121,Value,2010,2010,%,40.1,X,
MOZ,2011-01-01,2011-12-31,144,Mozambique,21047,Percentage of population using at least basic drinking water services (percent),6121,Value,2011,2011,%,42.3,X,
MOZ,2012-01-01,2012-12-31,144,Mozambique,21047,Percentage of population using at least basic drinking water services (percent),6121,Value,2012,2012,%,44.5,X,
MOZ,2013-01-01,2013-12-31,144,Mozambique,21047,Percentage of population using at least basic drinking water services (percent),6121,Value,2013,2013,%,46.7,X,
MOZ,2014-01-01,2014-12-31,144,Mozambique,21047,Percentage of population using at least basic drinking water services (percent),6121,Value,2014,2014,%,49,X,
MOZ,2015-01-01,2015-12-31,144,Mozambique,21047,Percentage of population using at least basic drinking water services (percent),6121,Value,2015,2015,%,51.2,X,
MOZ,2016-01-01,2016-12-31,144,Mozambique,21047,Percentage of population using at least basic drinking water services (percent),6121,Value,2016,2016,%,53.4,X,
MOZ,2017-01-01,2017-12-31,144,Mozambique,21047,Percentage of population using at least basic drinking water services (percent),6121,Value,2017,2017,%,55.7,X,
MOZ,2000-01-01,2000-12-31,144,Mozambique,21048,Percentage of population using at least basic sanitation services (percent),6121,Value,2000,2000,%,10.5,X,
MOZ,2001-01-01,2001-12-31,144,Mozambique,21048,Percentage of population using at least basic sanitation services (percent),6121,Value,2001,2001,%,11.4,X,
MOZ,2002-01-01,2002-12-31,144,Mozambique,21048,Percentage of population using at least basic sanitation services (percent),6121,Value,2002,2002,%,12.4,X,
MOZ,2003-01-01,2003-12-31,144,Mozambique,21048,Percentage of population using at least basic sanitation services (percent),6121,Value,2003,2003,%,13.4,X,
MOZ,2004-01-01,2004-12-31,144,Mozambique,21048,Percentage of population using at least basic sanitation services (percent),6121,Value,2004,2004,%,14.4,X,
MOZ,2005-01-01,2005-12-31,144,Mozambique,21048,Percentage of population using at least basic sanitation services (percent),6121,Value,2005,2005,%,15.4,X,
MOZ,2006-01-01,2006-12-31,144,Mozambique,21048,Percentage of population using at least basic sanitation services (percent),6121,Value,2006,2006,%,16.4,X,
MOZ,2007-01-01,2007-12-31,144,Mozambique,21048,Percentage of population using at least basic sanitation services (percent),6121,Value,2007,2007,%,17.4,X,
MOZ,2008-01-01,2008-12-31,144,Mozambique,21048,Percentage of population using at least basic sanitation services (percent),6121,Value,2008,2008,%,18.5,X,
MOZ,2009-01-01,2009-12-31,144,Mozambique,21048,Percentage of population using at least basic sanitation services (percent),6121,Value,2009,2009,%,19.7,X,
MOZ,2010-01-01,2010-12-31,144,Mozambique,21048,Percentage of population using at least basic sanitation services (percent),6121,Value,2010,2010,%,20.9,X,
MOZ,2011-01-01,2011-12-31,144,Mozambique,21048,Percentage of population using at least basic sanitation services (percent),6121,Value,2011,2011,%,22,X,
MOZ,2012-01-01,2012-12-31,144,Mozambique,21048,Percentage of population using at least basic sanitation services (percent),6121,Value,2012,2012,%,23.2,X,
MOZ,2013-01-01,2013-12-31,144,Mozambique,21048,Percentage of population using at least basic sanitation services (percent),6121,Value,2013,2013,%,24.4,X,
MOZ,2014-01-01,2014-12-31,144,Mozambique,21048,Percentage of population using at least basic sanitation services (percent),6121,Value,2014,2014,%,25.6,X,
MOZ,2015-01-01,2015-12-31,144,Mozambique,21048,Percentage of population using at least basic sanitation services (percent),6121,Value,2015,2015,%,26.9,X,
MOZ,2016-01-01,2016-12-31,144,Mozambique,21048,Percentage of population using at least basic sanitation services (percent),6121,Value,2016,2016,%,28.1,X,
MOZ,2017-01-01,2017-12-31,144,Mozambique,21048,Percentage of population using at least basic sanitation services (percent),6121,Value,2017,2017,%,29.4,X,
MOZ,2001-01-01,2001-12-31,144,Mozambique,21026,Percentage of children under 5 years affected by wasting (percent),6121,Value,2001,2001,%,8.1,X,
MOZ,2003-01-01,2003-12-31,144,Mozambique,21026,Percentage of children under 5 years affected by wasting (percent),6121,Value,2003,2003,%,5.4,X,
MOZ,2008-01-01,2008-12-31,144,Mozambique,21026,Percentage of children under 5 years affected by wasting (percent),6121,Value,2008,2008,%,4.2,X,
MOZ,2011-01-01,2011-12-31,144,Mozambique,21026,Percentage of children under 5 years affected by wasting (percent),6121,Value,2011,2011,%,6.1,X,
MOZ,2015-01-01,2015-12-31,144,Mozambique,21026,Percentage of children under 5 years affected by wasting (percent),6121,Value,2015,2015,%,4.4,X,
MOZ,2001-01-01,2001-12-31,144,Mozambique,21025,Percentage of children under 5 years of age who are stunted (percent),6121,Value,2001,2001,%,50.7,X,
MOZ,2003-01-01,2003-12-31,144,Mozambique,21025,Percentage of children under 5 years of age who are stunted (percent),6121,Value,2003,2003,%,46.9,X,
MOZ,2008-01-01,2008-12-31,144,Mozambique,21025,Percentage of children under 5 years of age who are stunted (percent),6121,Value,2008,2008,%,43.5,X,
MOZ,2011-01-01,2011-12-31,144,Mozambique,21025,Percentage of children under 5 years of age who are stunted (percent),6121,Value,2011,2011,%,42.9,X,
MOZ,2015-01-01,2015-12-31,144,Mozambique,21025,Percentage of children under 5 years of age who are stunted (percent),6121,Value,2015,2015,%,42.3,X,
MOZ,2001-01-01,2001-12-31,144,Mozambique,21041,Percentage of children under 5 years of age who are overweight (percent),6121,Value,2001,2001,%,8.8,X,
MOZ,2003-01-01,2003-12-31,144,Mozambique,21041,Percentage of children under 5 years of age who are overweight (percent),6121,Value,2003,2003,%,6.3,X,
MOZ,2008-01-01,2008-12-31,144,Mozambique,21041,Percentage of children under 5 years of age who are overweight (percent),6121,Value,2008,2008,%,3.6,X,
MOZ,2011-01-01,2011-12-31,144,Mozambique,21041,Percentage of children under 5 years of age who are overweight (percent),6121,Value,2011,2011,%,7.8,X,
MOZ,2015-01-01,2015-12-31,144,Mozambique,21041,Percentage of children under 5 years of age who are overweight (percent),6121,Value,2015,2015,%,7,X,
MOZ,2000-01-01,2000-12-31,144,Mozambique,21042,Prevalence of obesity in the adult population (18 years and older),6121,Value,2000,2000,%,3.7,X,
MOZ,2001-01-01,2001-12-31,144,Mozambique,21042,Prevalence of obesity in the adult population (18 years and older),6121,Value,2001,2001,%,3.8,X,
MOZ,2002-01-01,2002-12-31,144,Mozambique,21042,Prevalence of obesity in the adult population (18 years and older),6121,Value,2002,2002,%,4,X,
MOZ,2003-01-01,2003-12-31,144,Mozambique,21042,Prevalence of obesity in the adult population (18 years and older),6121,Value,2003,2003,%,4.2,X,
MOZ,2004-01-01,2004-12-31,144,Mozambique,21042,Prevalence of obesity in the adult population (18 years and older),6121,Value,2004,2004,%,4.4,X,
MOZ,2005-01-01,2005-12-31,144,Mozambique,21042,Prevalence of obesity in the adult population (18 years and older),6121,Value,2005,2005,%,4.6,X,
MOZ,2006-01-01,2006-12-31,144,Mozambique,21042,Prevalence of obesity in the adult population (18 years and older),6121,Value,2006,2006,%,4.8,X,
MOZ,2007-01-01,2007-12-31,144,Mozambique,21042,Prevalence of obesity in the adult population (18 years and older),6121,Value,2007,2007,%,5,X,
MOZ,2008-01-01,2008-12-31,144,Mozambique,21042,Prevalence of obesity in the adult population (18 years and older),6121,Value,2008,2008,%,5.2,X,
MOZ,2009-01-01,2009-12-31,144,Mozambique,21042,Prevalence of obesity in the adult population (18 years and older),6121,Value,2009,2009,%,5.4,X,
MOZ,2010-01-01,2010-12-31,144,Mozambique,21042,Prevalence of obesity in the adult population (18 years and older),6121,Value,2010,2010,%,5.7,X,
MOZ,2011-01-01,2011-12-31,144,Mozambique,21042,Prevalence of obesity in the adult population (18 years and older),6121,Value,2011,2011,%,5.9,X,
MOZ,2012-01-01,2012-12-31,144,Mozambique,21042,Prevalence of obesity in the adult population (18 years and older),6121,Value,2012,2012,%,6.1,X,
MOZ,2013-01-01,2013-12-31,144,Mozambique,21042,Prevalence of obesity in the adult population (18 years and older),6121,Value,2013,2013,%,6.4,X,
MOZ,2014-01-01,2014-12-31,144,Mozambique,21042,Prevalence of obesity in the adult population (18 years and older),6121,Value,2014,2014,%,6.7,X,
MOZ,2015-01-01,2015-12-31,144,Mozambique,21042,Prevalence of obesity in the adult population (18 years and older),6121,Value,2015,2015,%,6.9,X,
MOZ,2016-01-01,2016-12-31,144,Mozambique,21042,Prevalence of obesity in the adult population (18 years and older),6121,Value,2016,2016,%,7.2,X,
MOZ,2000-01-01,2000-12-31,144,Mozambique,21043,Prevalence of anemia among women of reproductive age (15-49 years),6121,Value,2000,2000,%,50.4,X,
MOZ,2001-01-01,2001-12-31,144,Mozambique,21043,Prevalence of anemia among women of reproductive age (15-49 years),6121,Value,2001,2001,%,50.2,X,
MOZ,2002-01-01,2002-12-31,144,Mozambique,21043,Prevalence of anemia among women of reproductive age (15-49 years),6121,Value,2002,2002,%,50.2,X,
MOZ,2003-01-01,2003-12-31,144,Mozambique,21043,Prevalence of anemia among women of reproductive age (15-49 years),6121,Value,2003,2003,%,50.2,X,
MOZ,2004-01-01,2004-12-31,144,Mozambique,21043,Prevalence of anemia among women of reproductive age (15-49 years),6121,Value,2004,2004,%,50.3,X,
MOZ,2005-01-01,2005-12-31,144,Mozambique,21043,Prevalence of anemia among women of reproductive age (15-49 years),6121,Value,2005,2005,%,50.3,X,
MOZ,2006-01-01,2006-12-31,144,Mozambique,21043,Prevalence of anemia among women of reproductive age (15-49 years),6121,Value,2006,2006,%,50.2,X,
MOZ,2007-01-01,2007-12-31,144,Mozambique,21043,Prevalence of anemia among women of reproductive age (15-49 years),6121,Value,2007,2007,%,50.1,X,
MOZ,2008-01-01,2008-12-31,144,Mozambique,21043,Prevalence of anemia among women of reproductive age (15-49 years),6121,Value,2008,2008,%,49.9,X,
MOZ,2009-01-01,2009-12-31,144,Mozambique,21043,Prevalence of anemia among women of reproductive age (15-49 years),6121,Value,2009,2009,%,49.7,X,
MOZ,2010-01-01,2010-12-31,144,Mozambique,21043,Prevalence of anemia among women of reproductive age (15-49 years),6121,Value,2010,2010,%,49.7,X,
MOZ,2011-01-01,2011-12-31,144,Mozambique,21043,Prevalence of anemia among women of reproductive age (15-49 years),6121,Value,2011,2011,%,49.7,X,
MOZ,2012-01-01,2012-12-31,144,Mozambique,21043,Prevalence of anemia among women of reproductive age (15-49 years),6121,Value,2012,2012,%,49.9,X,
MOZ,2013-01-01,2013-12-31,144,Mozambique,21043,Prevalence of anemia among women of reproductive age (15-49 years),6121,Value,2013,2013,%,50,X,
MOZ,2014-01-01,2014-12-31,144,Mozambique,21043,Prevalence of anemia among women of reproductive age (15-49 years),6121,Value,2014,2014,%,50.2,X,
MOZ,2015-01-01,2015-12-31,144,Mozambique,21043,Prevalence of anemia among women of reproductive age (15-49 years),6121,Value,2015,2015,%,50.6,X,
MOZ,2016-01-01,2016-12-31,144,Mozambique,21043,Prevalence of anemia among women of reproductive age (15-49 years),6121,Value,2016,2016,%,51,X,
MOZ,2003-01-01,2003-12-31,144,Mozambique,21044,Prevalence of exclusive breastfeeding among infants 0-5 months of age,6121,Value,2003,2003,%,28.7,X,
MOZ,2008-01-01,2008-12-31,144,Mozambique,21044,Prevalence of exclusive breastfeeding among infants 0-5 months of age,6121,Value,2008,2008,%,36.7,X,
MOZ,2011-01-01,2011-12-31,144,Mozambique,21044,Prevalence of exclusive breastfeeding among infants 0-5 months of age,6121,Value,2011,2011,%,40,X,
MOZ,2013-01-01,2013-12-31,144,Mozambique,21044,Prevalence of exclusive breastfeeding among infants 0-5 months of age,6121,Value,2013,2013,%,41,X,
MOZ,2000-01-01,2000-12-31,144,Mozambique,21049,Prevalence of low birthweight (percent),6121,Value,2000,2000,%,16.7,X,
MOZ,2001-01-01,2001-12-31,144,Mozambique,21049,Prevalence of low birthweight (percent),6121,Value,2001,2001,%,16.3,X,
MOZ,2002-01-01,2002-12-31,144,Mozambique,21049,Prevalence of low birthweight (percent),6121,Value,2002,2002,%,16,X,
MOZ,2003-01-01,2003-12-31,144,Mozambique,21049,Prevalence of low birthweight (percent),6121,Value,2003,2003,%,15.7,X,
MOZ,2004-01-01,2004-12-31,144,Mozambique,21049,Prevalence of low birthweight (percent),6121,Value,2004,2004,%,15.4,X,
MOZ,2005-01-01,2005-12-31,144,Mozambique,21049,Prevalence of low birthweight (percent),6121,Value,2005,2005,%,15.2,X,
MOZ,2006-01-01,2006-12-31,144,Mozambique,21049,Prevalence of low birthweight (percent),6121,Value,2006,2006,%,15,X,
MOZ,2007-01-01,2007-12-31,144,Mozambique,21049,Prevalence of low birthweight (percent),6121,Value,2007,2007,%,14.8,X,
MOZ,2008-01-01,2008-12-31,144,Mozambique,21049,Prevalence of low birthweight (percent),6121,Value,2008,2008,%,14.6,X,
MOZ,2009-01-01,2009-12-31,144,Mozambique,21049,Prevalence of low birthweight (percent),6121,Value,2009,2009,%,14.5,X,
MOZ,2010-01-01,2010-12-31,144,Mozambique,21049,Prevalence of low birthweight (percent),6121,Value,2010,2010,%,14.4,X,
MOZ,2011-01-01,2011-12-31,144,Mozambique,21049,Prevalence of low birthweight (percent),6121,Value,2011,2011,%,14.3,X,
MOZ,2012-01-01,2012-12-31,144,Mozambique,21049,Prevalence of low birthweight (percent),6121,Value,2012,2012,%,14.1,X,
MOZ,2013-01-01,2013-12-31,144,Mozambique,21049,Prevalence of low birthweight (percent),6121,Value,2013,2013,%,14,X,
MOZ,2014-01-01,2014-12-31,144,Mozambique,21049,Prevalence of low birthweight (percent),6121,Value,2014,2014,%,13.9,X,
MOZ,2015-01-01,2015-12-31,144,Mozambique,21049,Prevalence of low birthweight (percent),6121,Value,2015,2015,%,13.8,X,
